{
    "0": {
        "k": 0.002398,
        "b": 0.09277
    },
    "1": {
        "k": 0.002421,
        "b": 0.08979
    },
    "2": {
        "k": 0.002431,
        "b": 0.09072
    },
    "3": {
        "k": 0.002434,
        "b": 0.09024
    },
    "4": {
        "k": 0.002438,
        "b": 0.09003
    },
    "5": {
        "k": 0.002441,
        "b": 0.08980
    },
    "6": {
        "k": 0.002437,
        "b": 0.09089
    },
    "7": {
        "k": 0.002436,
        "b": 0.09074
    },
    "8": {
        "k": 0.002434,
        "b": 0.09091
    },
    "9": {
        "k": 0.002437,
        "b": 0.08967
    },
    "10": {
        "k": 0.002434,
        "b": 0.09066
    },
    "11": {
        "k": 0.002438,
        "b": 0.08929
    },
    "12": {
        "k": 0.002437,
        "b": 0.08963
    },
    "13": {
        "k": 0.002435,
        "b": 0.09060
    },
    "14": {
        "k": 0.002434,
        "b": 0.09101
    },
    "15": {
        "k": 0.002438,
        "b": 0.08943
    },
    "16": {
        "k": 0.002438,
        "b": 0.08920
    },
    "17": {
        "k": 0.002436,
        "b": 0.09010
    },
    "18": {
        "k": 0.002440,
        "b": 0.08972
    },
    "19": {
        "k": 0.002440,
        "b": 0.08939
    },
    "20": {
        "k": 0.002435,
        "b": 0.09029
    },
    "21": {
        "k": 0.002440,
        "b": 0.08846
    },
    "22": {
        "k": 0.002434,
        "b": 0.09091
    },
    "23": {
        "k": 0.002437,
        "b": 0.08961
    },
    "model": "vit_large_patch16_384"
}