{
    "0": {
        "k": 0.002564,
        "b": 0.0153
    },
    "1": {
        "k": 0.002528,
        "b": 0.0172
    },
    "2": {
        "k": 0.002574,
        "b": 0.0218
    },
    "3": {
        "k": 0.002589,
        "b": 0.0159
    },
    "4": {
        "k": 0.002542,
        "b": 0.0153
    },
    "5": {
        "k": 0.002522,
        "b": 0.0201
    },
    "6": {
        "k": 0.002503,
        "b": 0.017
    },
    "7": {
        "k": 0.002565,
        "b": 0.0204
    },
    "8": {
        "k": 0.002522,
        "b": 0.0209
    },
    "9": {
        "k": 0.002581,
        "b": 0.0151
    },
    "10": {
        "k": 0.002581,
        "b": 0.022
    },
    "11": {
        "k": 0.002534,
        "b": 0.0166
    },
    "12": {
        "k": 0.002596,
        "b": 0.0184
    },
    "13": {
        "k": 0.002509,
        "b": 0.016
    },
    "14": {
        "k": 0.002585,
        "b": 0.021
    },
    "15": {
        "k": 0.002581,
        "b": 0.0223
    },
    "16": {
        "k": 0.002554,
        "b": 0.0247
    },
    "17": {
        "k": 0.002538,
        "b": 0.0205
    },
    "18": {
        "k": 0.002583,
        "b": 0.0212
    },
    "19": {
        "k": 0.002586,
        "b": 0.0208
    },
    "20": {
        "k": 0.00257,
        "b": 0.0155
    },
    "21": {
        "k": 0.002523,
        "b": 0.0179
    },
    "22": {
        "k": 0.002508,
        "b": 0.0173
    },
    "23": {
        "k": 0.00251,
        "b": 0.0178
    },
    "model": "vit_large_patch16_384"
}