{
    "0": {
        "k": 0.00017412961865765278,
        "b": 0.060775190237175855,
        "r_squared": 0.946879507402604,
        "p_value": 0.0,
        "simulated": true,
        "speedup_factor": 10.0
    },
    "1": {
        "k": 0.00017051360737900593,
        "b": 0.06037071841197526,
        "r_squared": 0.9568223868532298,
        "p_value": 0.0,
        "simulated": true,
        "speedup_factor": 10.0
    },
    "2": {
        "k": 0.0001700087822847803,
        "b": 0.060229964779081956,
        "r_squared": 0.9680886551316195,
        "p_value": 0.0,
        "simulated": true,
        "speedup_factor": 10.0
    },
    "3": {
        "k": 0.0001669380061522658,
        "b": 0.061385948362803665,
        "r_squared": 0.9612594019188372,
        "p_value": 0.0,
        "simulated": true,
        "speedup_factor": 10.0
    },
    "4": {
        "k": 0.00016820120323909505,
        "b": 0.060565612454156446,
        "r_squared": 0.9717580664245531,
        "p_value": 0.0,
        "simulated": true,
        "speedup_factor": 10.0
    },
    "5": {
        "k": 0.00016855031923156073,
        "b": 0.06044992587064509,
        "r_squared": 0.9767032767181886,
        "p_value": 0.0,
        "simulated": true,
        "speedup_factor": 10.0
    },
    "6": {
        "k": 0.0001739396560258097,
        "b": 0.059117580005626405,
        "r_squared": 0.969917729005911,
        "p_value": 0.0,
        "simulated": true,
        "speedup_factor": 10.0
    },
    "7": {
        "k": 0.00016962397300870262,
        "b": 0.06086663348968698,
        "r_squared": 0.9619737901198941,
        "p_value": 0.0,
        "simulated": true,
        "speedup_factor": 10.0
    },
    "8": {
        "k": 0.00021846337704754275,
        "b": 0.0490769198633932,
        "r_squared": 0.8888745699669391,
        "p_value": 0.0,
        "simulated": true,
        "speedup_factor": 10.0
    },
    "9": {
        "k": 0.0001702075312912732,
        "b": 0.05934497822887665,
        "r_squared": 0.9481673690349051,
        "p_value": 0.0,
        "simulated": true,
        "speedup_factor": 10.0
    },
    "10": {
        "k": 0.00017342295660071252,
        "b": 0.05809998022048955,
        "r_squared": 0.9527024654065402,
        "p_value": 0.0,
        "simulated": true,
        "speedup_factor": 10.0
    },
    "11": {
        "k": 0.00016982444535654063,
        "b": 0.060509147528862675,
        "r_squared": 0.9610986888854806,
        "p_value": 0.0,
        "simulated": true,
        "speedup_factor": 10.0
    },
    "12": {
        "k": 0.00017976072739633517,
        "b": 0.054911055026620983,
        "r_squared": 0.969535647272138,
        "p_value": 0.0,
        "simulated": true,
        "speedup_factor": 10.0
    },
    "13": {
        "k": 0.00017059156736638168,
        "b": 0.05978185814492933,
        "r_squared": 0.9670703264223857,
        "p_value": 0.0,
        "simulated": true,
        "speedup_factor": 10.0
    },
    "14": {
        "k": 0.00017199149256189972,
        "b": 0.05914625227298319,
        "r_squared": 0.9736469068996422,
        "p_value": 0.0,
        "simulated": true,
        "speedup_factor": 10.0
    },
    "15": {
        "k": 0.00017091020130433808,
        "b": 0.05988653178223001,
        "r_squared": 0.9599888178071405,
        "p_value": 0.0,
        "simulated": true,
        "speedup_factor": 10.0
    },
    "16": {
        "k": 0.00016835535381977914,
        "b": 0.06019833286565923,
        "r_squared": 0.9714313157452911,
        "p_value": 0.0,
        "simulated": true,
        "speedup_factor": 10.0
    },
    "17": {
        "k": 0.0001699173433927348,
        "b": 0.05933774588152648,
        "r_squared": 0.9482977896510271,
        "p_value": 0.0,
        "simulated": true,
        "speedup_factor": 10.0
    },
    "18": {
        "k": 0.00017030771292907368,
        "b": 0.059742631042028885,
        "r_squared": 0.971719239895748,
        "p_value": 0.0,
        "simulated": true,
        "speedup_factor": 10.0
    },
    "19": {
        "k": 0.0001700609188140818,
        "b": 0.05908896534295373,
        "r_squared": 0.9530913048386449,
        "p_value": 0.0,
        "simulated": true,
        "speedup_factor": 10.0
    },
    "20": {
        "k": 0.000170311719515914,
        "b": 0.05871723629797644,
        "r_squared": 0.9554392391986413,
        "p_value": 0.0,
        "simulated": true,
        "speedup_factor": 10.0
    },
    "21": {
        "k": 0.0001842896514844955,
        "b": 0.052156365311808874,
        "r_squared": 0.9603856372856447,
        "p_value": 0.0,
        "simulated": true,
        "speedup_factor": 10.0
    },
    "22": {
        "k": 0.00022814615824168165,
        "b": 0.04504517345861749,
        "r_squared": 0.8814489220623042,
        "p_value": 0.0,
        "simulated": true,
        "speedup_factor": 10.0
    },
    "23": {
        "k": 0.0001711703337420053,
        "b": 0.05877565372053768,
        "r_squared": 0.963307347564811,
        "p_value": 0.0,
        "simulated": true,
        "speedup_factor": 10.0
    }
}