{
    "0": {
        "k": 0.047639,
        "b": -0.3475
    },
    "1": {
        "k": 0.047275,
        "b": -0.3277
    },
    "2": {
        "k": 0.047736,
        "b": -0.2823
    },
    "3": {
        "k": 0.047892,
        "b": -0.3413
    },
    "4": {
        "k": 0.047422,
        "b": -0.347
    },
    "5": {
        "k": 0.047219,
        "b": -0.2995
    },
    "6": {
        "k": 0.047027,
        "b": -0.3301
    },
    "7": {
        "k": 0.04765,
        "b": -0.2955
    },
    "8": {
        "k": 0.04722,
        "b": -0.2911
    },
    "9": {
        "k": 0.047809,
        "b": -0.3494
    },
    "10": {
        "k": 0.047806,
        "b": -0.2802
    },
    "11": {
        "k": 0.04734,
        "b": -0.3345
    },
    "12": {
        "k": 0.047957,
        "b": -0.3163
    },
    "13": {
        "k": 0.047093,
        "b": -0.3403
    },
    "14": {
        "k": 0.047847,
        "b": -0.2896
    },
    "15": {
        "k": 0.047807,
        "b": -0.277
    },
    "16": {
        "k": 0.047536,
        "b": -0.2527
    },
    "17": {
        "k": 0.047379,
        "b": -0.2948
    },
    "18": {
        "k": 0.047829,
        "b": -0.2881
    },
    "19": {
        "k": 0.047862,
        "b": -0.2923
    },
    "20": {
        "k": 0.047705,
        "b": -0.3454
    },
    "21": {
        "k": 0.047228,
        "b": -0.3211
    },
    "22": {
        "k": 0.04708,
        "b": -0.3267
    },
    "23": {
        "k": 0.047101,
        "b": -0.3222
    },
    "model": "vit_large_patch16_384"
}