{
    "0": {
        "k": 0.008055954041929986,
        "b": 0.12917507553373886,
        "r_squared": 0.9871641169882392
    },
    "1": {
        "k": 0.007778546767599857,
        "b": 0.31650662186462863,
        "r_squared": 0.9863655508528666
    },
    "2": {
        "k": 0.00790246734759529,
        "b": 0.4193348569460702,
        "r_squared": 0.9914817701277229
    },
    "3": {
        "k": 0.008528946985496316,
        "b": 0.07091309065407403,
        "r_squared": 0.9949414670351325
    },
    "4": {
        "k": 0.008237336518366032,
        "b": 0.2948391907692449,
        "r_squared": 0.9789843942463358
    },
    "5": {
        "k": 0.007999888076217185,
        "b": 0.3581889378151253,
        "r_squared": 0.9903128704179253
    },
    "6": {
        "k": 0.00753981624190038,
        "b": 0.38971374373114553,
        "r_squared": 0.9880223358009905
    },
    "7": {
        "k": 0.007965400646781296,
        "b": 0.2518160900686839,
        "r_squared": 0.9887122559948551
    },
    "8": {
        "k": 0.007995891499784394,
        "b": 0.2737457045233662,
        "r_squared": 0.9861899144465076
    },
    "9": {
        "k": 0.007456639668763213,
        "b": 0.4736251026440912,
        "r_squared": 0.989584733272574
    },
    "10": {
        "k": 0.007786424497800381,
        "b": 0.3175545750959885,
        "r_squared": 0.9923809852275822
    },
    "11": {
        "k": 0.007541398734630071,
        "b": 0.47362571914461293,
        "r_squared": 0.9761423304723347
    },
    "12": {
        "k": 0.007618970037029595,
        "b": 0.37744099716124335,
        "r_squared": 0.9834481357239976
    },
    "13": {
        "k": 0.007700977186117849,
        "b": 0.4215162091934612,
        "r_squared": 0.983179758183557
    },
    "14": {
        "k": 0.007422189372364465,
        "b": 0.4584980854720673,
        "r_squared": 0.9903157043091164
    },
    "15": {
        "k": 0.00735883231541845,
        "b": 0.4337557761827635,
        "r_squared": 0.9696463351323521
    },
    "16": {
        "k": 0.007963332394784412,
        "b": 0.3279358992521262,
        "r_squared": 0.9856714512321632
    },
    "17": {
        "k": 0.00782913825230635,
        "b": 0.262992330797728,
        "r_squared": 0.9809620300641979
    },
    "18": {
        "k": 0.00800673143803652,
        "b": 0.28133405631101915,
        "r_squared": 0.9913391733704413
    },
    "19": {
        "k": 0.007631562669177731,
        "b": 0.31504679186965845,
        "r_squared": 0.9880189485045675
    },
    "20": {
        "k": 0.008052725867287952,
        "b": 0.1888600859452887,
        "r_squared": 0.9812247805417449
    },
    "21": {
        "k": 0.00795110176127185,
        "b": 0.20571252253092265,
        "r_squared": 0.9932137548051286
    },
    "22": {
        "k": 0.007935682122169486,
        "b": 0.22438185981495318,
        "r_squared": 0.9859832895655549
    },
    "23": {
        "k": 0.008131216600169107,
        "b": 0.19787717724422738,
        "r_squared": 0.9779975625680443
    }
}