{
    "0": {
        "k": 0.008393941279168968,
        "b": 0.324685438256778
    },
    "1": {
        "k": 0.008472379849525813,
        "b": 0.3142820917690207
    },
    "2": {
        "k": 0.008508765283534732,
        "b": 0.3175252732708401
    },
    "3": {
        "k": 0.008518639631431181,
        "b": 0.3158599194683943
    },
    "4": {
        "k": 0.008532604721736146,
        "b": 0.31511258377275836
    },
    "5": {
        "k": 0.00854592901575595,
        "b": 0.3143004971122867
    },
    "6": {
        "k": 0.008530123957873,
        "b": 0.3181275834518494
    },
    "7": {
        "k": 0.0085272964007083,
        "b": 0.31758092078012234
    },
    "8": {
        "k": 0.008518064346707563,
        "b": 0.318180845748765
    },
    "9": {
        "k": 0.008529506398707368,
        "b": 0.3138574064037209
    },
    "10": {
        "k": 0.008518709161967819,
        "b": 0.3173178494231303
    },
    "11": {
        "k": 0.008533620957107,
        "b": 0.3125248397638743
    },
    "12": {
        "k": 0.008529020892960199,
        "b": 0.31372508671206356
    },
    "13": {
        "k": 0.008522843754146555,
        "b": 0.31709087601710934
    },
    "14": {
        "k": 0.008517963542605086,
        "b": 0.3185423802138504
    },
    "15": {
        "k": 0.00853191822769574,
        "b": 0.3130104883584172
    },
    "16": {
        "k": 0.008532584861071729,
        "b": 0.31219436509692644
    },
    "17": {
        "k": 0.008526603191586057,
        "b": 0.31536375388644533
    },
    "18": {
        "k": 0.008539196983446233,
        "b": 0.31401225895699636
    },
    "19": {
        "k": 0.008538247420509052,
        "b": 0.3128624885379502
    },
    "20": {
        "k": 0.008524088412179987,
        "b": 0.31599767245392857
    },
    "21": {
        "k": 0.008539049484107351,
        "b": 0.30961259857523976
    },
    "22": {
        "k": 0.00851815887748013,
        "b": 0.318193741239538
    },
    "23": {
        "k": 0.008530560035150136,
        "b": 0.3136208153485167
    },
    "model": "vit_large_patch16_384"
}